"","baseMean","log2FoldChange","lfcSE","stat","pvalue","padj"
"GeneID:82188387",32.4246494343645,-18.6670685389609,2.47012693394467,-7.55712926426439,4.12062417491042e-14,9.29818845068536e-11
"GeneID:82187217",35.804165662964,-25.5750273844121,2.5775726300923,-9.92213646507267,3.33539066288159e-23,1.50526180615846e-19
"GeneID:82187612",14.4253310306568,-14.6957139246093,2.74104330850773,-5.3613578008769,8.25987292319898e-08,0.000107412938588899
